#SET,CLUID,PDB,MUT,DDG
TEST_P53,2AC0A,2OCJA,Q104H,0.24
TEST_P53,2AC0A,2OCJA,Q104P,0.11
TEST_P53,2AC0A,2OCJA,T123A,-0.13
TEST_P53,2AC0A,2OCJA,A129D,-0.7
TEST_P53,2AC0A,2OCJA,A129E,-0.38
TEST_P53,2AC0A,2OCJA,A129S,-0.19
TEST_P53,2AC0A,2OCJA,M133L,0.30
TEST_P53,2AC0A,2OCJA,F134L,-4.78
TEST_P53,2AC0A,2OCJA,V143A,-3.5
TEST_P53,2AC0A,2OCJA,L145Q,-2.98
TEST_P53,2AC0A,2OCJA,D148E,-0.43
TEST_P53,2AC0A,2OCJA,D148S,0.22
TEST_P53,2AC0A,2OCJA,T150P,-0.08
TEST_P53,2AC0A,2OCJA,P151S,-4.49
TEST_P53,2AC0A,2OCJA,V157F,-3.88
TEST_P53,2AC0A,2OCJA,Q165K,-1.27
TEST_P53,2AC0A,2OCJA,Q167E,-0.43
TEST_P53,2AC0A,2OCJA,H168R,-2.75
TEST_P53,2AC0A,2OCJA,R174K,-0.22
TEST_P53,2AC0A,2OCJA,R175A,-0.73
TEST_P53,2AC0A,2OCJA,R175H,-3.52
TEST_P53,2AC0A,2OCJA,C182S,0.16
TEST_P53,2AC0A,2OCJA,I195T,-4.12
TEST_P53,2AC0A,2OCJA,L201P,0.35
TEST_P53,2AC0A,2OCJA,V203A,0.49
TEST_P53,2AC0A,2OCJA,L206S,-0.1
TEST_P53,2AC0A,2OCJA,Y220C,-3.98
TEST_P53,2AC0A,2OCJA,D228E,0.05
TEST_P53,2AC0A,2OCJA,I232T,-3.19
TEST_P53,2AC0A,2OCJA,Y236F,0.27
TEST_P53,2AC0A,2OCJA,M237I,-3.18
TEST_P53,2AC0A,2OCJA,N239Y,1.49
TEST_P53,2AC0A,2OCJA,C242S,-3.07
TEST_P53,2AC0A,2OCJA,G245S,-1.21
TEST_P53,2AC0A,2OCJA,R248Q,-1.87
TEST_P53,2AC0A,2OCJA,R249S,-1.92
TEST_P53,2AC0A,2OCJA,I255F,-3.29
TEST_P53,2AC0A,2OCJA,S260P,-0.32
TEST_P53,2AC0A,2OCJA,N268D,1.21
TEST_P53,2AC0A,2OCJA,F270C,-4.54
TEST_P53,2AC0A,2OCJA,R273H,-0.45
TEST_P53,2AC0A,2OCJA,R282W,-3.3
