#SET	CLID	PDB	MUT	DDG
TEST_KORPM	S461	1A0FA	S11A	-1.800
TEST_KORPM	S461	1BA3A	H461D	-1.745
TEST_KORPM	S461	1BA3A	H489D	0.287
TEST_KORPM	S461	1BA3A	H489K	-0.287
TEST_KORPM	S461	1BA3A	H489M	-0.263
TEST_KORPM	S461	1BFMA	M35W	-0.700
TEST_KORPM	S461	1BFMA	M35Y	-0.400
TEST_KORPM	S461	1BNLA	D76A	-0.821
TEST_KORPM	S461	1DIVA	D23A	-0.460
TEST_KORPM	S461	1DIVA	D23N	-0.580
TEST_KORPM	S461	1DIVA	D8N	-0.300
TEST_KORPM	S461	1DIVA	E100A	-0.980
TEST_KORPM	S461	1DIVA	E100G	-1.520
TEST_KORPM	S461	1DIVA	E17Q	-0.210
TEST_KORPM	S461	1DIVA	E38Q	-0.560
TEST_KORPM	S461	1DIVA	E48Q	0.030
TEST_KORPM	S461	1DIVA	E54Q	0.330
TEST_KORPM	S461	1DIVA	H106Q	-1.530
TEST_KORPM	S461	1DIVA	H134Q	-0.340
TEST_KORPM	S461	1DIVA	H144Q	-0.560
TEST_KORPM	S461	1DIVA	I115A	-3.520
TEST_KORPM	S461	1DIVA	I121A	-2.880
TEST_KORPM	S461	1DIVA	I4A	-2.220
TEST_KORPM	S461	1DIVA	I4V	-0.590
TEST_KORPM	S461	1DIVA	I79A	-3.490
TEST_KORPM	S461	1DIVA	I93A	-3.190
TEST_KORPM	S461	1DIVA	I98A	-4.280
TEST_KORPM	S461	1DIVA	K10M	0.050
TEST_KORPM	S461	1DIVA	K14M	0.010
TEST_KORPM	S461	1DIVA	K15M	-0.310
TEST_KORPM	S461	1DIVA	K7M	0.350
TEST_KORPM	S461	1DIVA	K96A	0.610
TEST_KORPM	S461	1DIVA	K96G	-0.200
TEST_KORPM	S461	1DIVA	L102A	-2.370
TEST_KORPM	S461	1DIVA	L108A	-2.330
TEST_KORPM	S461	1DIVA	L110A	-3.210
TEST_KORPM	S461	1DIVA	L117A	-0.820
TEST_KORPM	S461	1DIVA	L133A	-2.940
TEST_KORPM	S461	1DIVA	L141A	-3.560
TEST_KORPM	S461	1DIVA	L30A	-2.760
TEST_KORPM	S461	1DIVA	L30V	-3.620
TEST_KORPM	S461	1DIVA	L6A	-3.100
TEST_KORPM	S461	1DIVA	L6I	-0.130
TEST_KORPM	S461	1DIVA	L6V	-0.410
TEST_KORPM	S461	1DIVA	L72A	-3.770
TEST_KORPM	S461	1DIVA	M1A	-1.460
TEST_KORPM	S461	1DIVA	M1G	-2.360
TEST_KORPM	S461	1DIVA	V129A	-1.810
TEST_KORPM	S461	1DIVA	V131A	-1.930
TEST_KORPM	S461	1DIVA	V137A	-2.410
TEST_KORPM	S461	1DIVA	V143A	-3.250
TEST_KORPM	S461	1DIVA	V145A	-1.920
TEST_KORPM	S461	1DIVA	V21A	-2.330
TEST_KORPM	S461	1DIVA	V21I	-0.400
TEST_KORPM	S461	1DIVA	V21L	-1.230
TEST_KORPM	S461	1DIVA	V3A	-2.550
TEST_KORPM	S461	1DIVA	V3I	-0.310
TEST_KORPM	S461	1DIVA	V3L	-2.210
TEST_KORPM	S461	1EKGA	L198C	-1.000
TEST_KORPM	S461	1EKGA	L200C	-2.000
TEST_KORPM	S461	1EKGA	L203C	1.000
TEST_KORPM	S461	1EKGA	S181F	-2.600
TEST_KORPM	S461	1FRDA	H42R	2.000
TEST_KORPM	S461	1FT8A	I264V	-0.640
TEST_KORPM	S461	1FT8A	L212V	-1.380
TEST_KORPM	S461	1FT8A	L238I	-0.350
TEST_KORPM	S461	1FT8A	L267I	-0.110
TEST_KORPM	S461	1FT8A	L293I	-0.800
TEST_KORPM	S461	1FT8A	L293V	-1.410
TEST_KORPM	S461	1FT8A	L315A	-1.650
TEST_KORPM	S461	1FT8A	L317I	-0.850
TEST_KORPM	S461	1FT8A	L348I	-0.530
TEST_KORPM	S461	1FT8A	L349I	0.050
TEST_KORPM	S461	1FT8A	M216L	0.270
TEST_KORPM	S461	1FT8A	S339A	0.320
TEST_KORPM	S461	1FT8A	V287A	-0.160
TEST_KORPM	S461	1FXAA	E94D	-1.100
TEST_KORPM	S461	1FXAA	E94K	-0.400
TEST_KORPM	S461	1FXAA	E94Q	0.600
TEST_KORPM	S461	1FXAA	E95K	1.000
TEST_KORPM	S461	1FXAA	F65A	-1.290
TEST_KORPM	S461	1FXAA	F65I	-0.900
TEST_KORPM	S461	1FXAA	F65W	-0.600
TEST_KORPM	S461	1FXAA	F65Y	-0.500
TEST_KORPM	S461	1FXAA	R42A	-2.400
TEST_KORPM	S461	1FXAA	R42H	-2.000
TEST_KORPM	S461	1FXAA	T48A	0.100
TEST_KORPM	S461	1G3PA	A147K	-0.287
TEST_KORPM	S461	1G3PA	D160A	-0.263
TEST_KORPM	S461	1G3PA	D160C	-0.096
TEST_KORPM	S461	1G3PA	D160E	-0.359
TEST_KORPM	S461	1G3PA	D160F	-0.359
TEST_KORPM	S461	1G3PA	D160G	-0.669
TEST_KORPM	S461	1G3PA	D160H	0.048
TEST_KORPM	S461	1G3PA	D160I	-0.932
TEST_KORPM	S461	1G3PA	D160K	-0.335
TEST_KORPM	S461	1G3PA	D160L	-0.550
TEST_KORPM	S461	1G3PA	D160M	-0.502
TEST_KORPM	S461	1G3PA	D160N	0.072
TEST_KORPM	S461	1G3PA	D160P	-0.645
TEST_KORPM	S461	1G3PA	D160Q	-0.478
TEST_KORPM	S461	1G3PA	D160R	-0.669
TEST_KORPM	S461	1G3PA	D160S	-0.287
TEST_KORPM	S461	1G3PA	D160T	-0.741
TEST_KORPM	S461	1G3PA	D160V	-1.123
TEST_KORPM	S461	1G3PA	D160W	-0.167
TEST_KORPM	S461	1G3PA	D160Y	-0.072
TEST_KORPM	S461	1G3PA	F136V	-3.705
TEST_KORPM	S461	1G3PA	N138G	0.765
TEST_KORPM	S461	1G3PA	N139K	-0.430
TEST_KORPM	S461	1G3PA	N139V	-2.032
TEST_KORPM	S461	1G3PA	Q137N	-1.793
TEST_KORPM	S461	1G3PA	Q145N	0.263
TEST_KORPM	S461	1G3PA	R144V	0.765
TEST_KORPM	S461	1GUAB	A118G	-1.963
TEST_KORPM	S461	1GUAB	A118L	-1.951
TEST_KORPM	S461	1GUAB	A85G	-2.149
TEST_KORPM	S461	1GUAB	A97G	-0.863
TEST_KORPM	S461	1GUAB	C81A	0.283
TEST_KORPM	S461	1GUAB	C81I	-0.912
TEST_KORPM	S461	1GUAB	C95A	-0.080
TEST_KORPM	S461	1GUAB	C96A	-1.759
TEST_KORPM	S461	1GUAB	C96L	-0.043
TEST_KORPM	S461	1GUAB	C96M	-0.337
TEST_KORPM	S461	1GUAB	D117A	-0.706
TEST_KORPM	S461	1GUAB	D129A	-0.855
TEST_KORPM	S461	1GUAB	D80A	-0.493
TEST_KORPM	S461	1GUAB	E104A	0.021
TEST_KORPM	S461	1GUAB	E124A	-0.101
TEST_KORPM	S461	1GUAB	E125A	-0.591
TEST_KORPM	S461	1GUAB	I58A	-3.274
TEST_KORPM	S461	1GUAB	I58F	-1.299
TEST_KORPM	S461	1GUAB	I58L	-0.771
TEST_KORPM	S461	1GUAB	K109A	-0.327
TEST_KORPM	S461	1GUAB	L112A	-2.593
TEST_KORPM	S461	1GUAB	L121A	-2.534
TEST_KORPM	S461	1GUAB	L126A	-3.405
TEST_KORPM	S461	1GUAB	L62A	-3.460
TEST_KORPM	S461	1GUAB	L78A	-3.803
TEST_KORPM	S461	1GUAB	L82A	-3.529
TEST_KORPM	S461	1GUAB	L82I	-1.600
TEST_KORPM	S461	1GUAB	L82V	-1.700
TEST_KORPM	S461	1GUAB	L86A	-3.226
TEST_KORPM	S461	1GUAB	L91A	-1.575
TEST_KORPM	S461	1GUAB	M76A	-0.961
TEST_KORPM	S461	1GUAB	N56M	0.271
TEST_KORPM	S461	1GUAB	N64A	-1.140
TEST_KORPM	S461	1GUAB	P63A	-1.708
TEST_KORPM	S461	1GUAB	P93A	-0.082
TEST_KORPM	S461	1GUAB	Q66A	-0.504
TEST_KORPM	S461	1GUAB	R100A	-0.693
TEST_KORPM	S461	1GUAB	R59A	0.178
TEST_KORPM	S461	1GUAB	R89L	1.078
TEST_KORPM	S461	1GUAB	S77A	-1.573
TEST_KORPM	S461	1GUAB	S77T	0.581
TEST_KORPM	S461	1GUAB	T68A	-0.109
TEST_KORPM	S461	1GUAB	V128A	-3.368
TEST_KORPM	S461	1GUAB	V60A	-2.251
TEST_KORPM	S461	1GUAB	V69A	-1.116
TEST_KORPM	S461	1GUAB	V70A	-1.770
TEST_KORPM	S461	1GUAB	V72A	-1.052
TEST_KORPM	S461	1GUAB	V72I	-0.864
TEST_KORPM	S461	1GUAB	V98A	-1.981
TEST_KORPM	S461	1H0XA	P18A	-0.970
TEST_KORPM	S461	1H0XA	P62A	-1.290
TEST_KORPM	S461	1IOJA	G15A	0.400
TEST_KORPM	S461	1ITMA	C24T	-3.300
TEST_KORPM	S461	1ITMA	C3T	-5.000
TEST_KORPM	S461	1ITMA	W91S	1.400
TEST_KORPM	S461	1IV7B	A173C	0.500
TEST_KORPM	S461	1IV7B	F189C	-2.500
TEST_KORPM	S461	1IV7B	L162C	-1.900
TEST_KORPM	S461	1IV9A	S76Y	4.299
TEST_KORPM	S461	1J8IA	K25A	0.100
TEST_KORPM	S461	1J8IA	K66A	0.100
TEST_KORPM	S461	1J8IA	R23A	0.800
TEST_KORPM	S461	1J8IA	R35A	-0.100
TEST_KORPM	S461	1J8IA	R43A	0.700
TEST_KORPM	S461	1J8IA	R9A	-0.100
TEST_KORPM	S461	1JL9A	A25C	-1.440
TEST_KORPM	S461	1JLVA	E64D	-1.162
TEST_KORPM	S461	1JLVA	E64N	-2.304
TEST_KORPM	S461	1JLVA	E64Q	-2.302
TEST_KORPM	S461	1L6HA	F39A	-1.697
TEST_KORPM	S461	1L6HA	Y45A	-0.550
TEST_KORPM	S461	1L6HA	Y48A	-1.482
TEST_KORPM	S461	1LVMA	E106G	1.400
TEST_KORPM	S461	1LVMA	K45F	0.430
TEST_KORPM	S461	1LVMA	L56V	0.000
TEST_KORPM	S461	1LVMA	Q58F	0.600
TEST_KORPM	S461	1LVMA	S135G	0.000
TEST_KORPM	S461	1N88A	F21A	-1.390
TEST_KORPM	S461	1N88A	I39A	-1.390
TEST_KORPM	S461	1N88A	I80A	-2.790
TEST_KORPM	S461	1N88A	I89A	-2.350
TEST_KORPM	S461	1N88A	I8V	-1.520
TEST_KORPM	S461	1N88A	L13A	-1.520
TEST_KORPM	S461	1N88A	L57A	-1.110
TEST_KORPM	S461	1N88A	V12A	-1.450
TEST_KORPM	S461	1N88A	V30A	-2.840
TEST_KORPM	S461	1N88A	V43A	-2.820
TEST_KORPM	S461	1N88A	V49A	-2.830
TEST_KORPM	S461	1N88A	V51A	-3.240
TEST_KORPM	S461	1N88A	V54A	-3.730
TEST_KORPM	S461	1N88A	V81A	-2.820
TEST_KORPM	S461	1N88A	V83A	-3.100
TEST_KORPM	S461	1N88A	Y18A	0.060
TEST_KORPM	S461	1N88A	Y26A	-4.610
TEST_KORPM	S461	1NM1A	D187N	-0.880
TEST_KORPM	S461	1NM1A	D187Y	-1.900
TEST_KORPM	S461	1O6XA	A31G	-0.850
TEST_KORPM	S461	1O6XA	A50G	-1.550
TEST_KORPM	S461	1O6XA	D38A	0.180
TEST_KORPM	S461	1O6XA	E14A	-0.350
TEST_KORPM	S461	1O6XA	E20G	-1.210
TEST_KORPM	S461	1O6XA	F39L	-1.990
TEST_KORPM	S461	1O6XA	F65A	-1.290
TEST_KORPM	S461	1O6XA	H51A	-0.700
TEST_KORPM	S461	1O6XA	I15V	-0.470
TEST_KORPM	S461	1O6XA	I23V	0.160
TEST_KORPM	S461	1O6XA	I71V	-1.410
TEST_KORPM	S461	1O6XA	I75A	-1.600
TEST_KORPM	S461	1O6XA	K41A	-2.140
TEST_KORPM	S461	1O6XA	L26V	-1.140
TEST_KORPM	S461	1O6XA	N58A	-0.240
TEST_KORPM	S461	1O6XA	Q60G	-0.450
TEST_KORPM	S461	1O6XA	V12A	-1.450
TEST_KORPM	S461	1O6XA	V52A	-1.090
TEST_KORPM	S461	1O6XA	V64G	-0.800
TEST_KORPM	S461	1O6XA	Y73L	-2.940
TEST_KORPM	S461	1R2YA	R244E	-4.200
TEST_KORPM	S461	1XXNA	N181R	0.358
TEST_KORPM	S461	1XXNA	N32D	-0.860
TEST_KORPM	S461	1XXNA	N54E	-0.645
TEST_KORPM	S461	1XXNA	S22E	0.239
TEST_KORPM	S461	1XXNA	S27E	-0.645
TEST_KORPM	S461	2ARFA	H1069Q	-0.717
TEST_KORPM	S461	2C9QA	Y79F	-0.012
TEST_KORPM	S461	2C9QA	Y79W	-1.233
TEST_KORPM	S461	2H3FA	E12A	1.070
TEST_KORPM	S461	2HBBA	A22G	-0.320
TEST_KORPM	S461	2HBBA	A26G	-1.790
TEST_KORPM	S461	2HBBA	A36G	-1.550
TEST_KORPM	S461	2HBBA	A39G	-1.590
TEST_KORPM	S461	2HBBA	A42G	-0.330
TEST_KORPM	S461	2HBBA	A46G	-0.550
TEST_KORPM	S461	2HBBA	A49G	-0.220
TEST_KORPM	S461	2HBBA	D23A	-0.030
TEST_KORPM	S461	2HBBA	D23N	-0.790
TEST_KORPM	S461	2HBBA	D8A	-1.300
TEST_KORPM	S461	2HBBA	D8N	-0.380
TEST_KORPM	S461	2HBBA	E17A	-1.690
TEST_KORPM	S461	2HBBA	E17Q	-0.330
TEST_KORPM	S461	2HBBA	E38A	-0.410
TEST_KORPM	S461	2HBBA	E38Q	-0.680
TEST_KORPM	S461	2HBBA	E48Q	0.070
TEST_KORPM	S461	2HBBA	F31A	-2.840
TEST_KORPM	S461	2HBBA	F5L	-1.150
TEST_KORPM	S461	2HBBA	G24A	0.020
TEST_KORPM	S461	2HBBA	G34A	-1.020
TEST_KORPM	S461	2HBBA	I18A	-2.050
TEST_KORPM	S461	2HBBA	I18V	-0.070
TEST_KORPM	S461	2HBBA	I37A	-1.280
TEST_KORPM	S461	2HBBA	I37V	0.090
TEST_KORPM	S461	2HBBA	I4V	-0.590
TEST_KORPM	S461	2HBBA	K10E	0.130
TEST_KORPM	S461	2HBBA	K10M	0.470
TEST_KORPM	S461	2HBBA	K12A	0.610
TEST_KORPM	S461	2HBBA	K12G	0.030
TEST_KORPM	S461	2HBBA	K12M	1.800
TEST_KORPM	S461	2HBBA	K14A	-0.730
TEST_KORPM	S461	2HBBA	K14G	-1.300
TEST_KORPM	S461	2HBBA	K14M	-0.340
TEST_KORPM	S461	2HBBA	K15G	-1.740
TEST_KORPM	S461	2HBBA	K15M	-0.440
TEST_KORPM	S461	2HBBA	K7M	0.210
TEST_KORPM	S461	2HBBA	L30A	-2.760
TEST_KORPM	S461	2HBBA	L35A	-1.210
TEST_KORPM	S461	2HBBA	L44A	-1.730
TEST_KORPM	S461	2HBBA	L47A	-0.840
TEST_KORPM	S461	2HBBA	L6A	-3.100
TEST_KORPM	S461	2HBBA	M1A	-1.460
TEST_KORPM	S461	2HBBA	T40S	-0.800
TEST_KORPM	S461	2HBBA	V21A	-2.330
TEST_KORPM	S461	2HBBA	V3A	-2.550
TEST_KORPM	S461	2HBBA	V9A	-1.810
TEST_KORPM	S461	2LTBA	L558P	-1.570
TEST_KORPM	S461	2LTBA	L569R	-3.110
TEST_KORPM	S461	2LTBA	M619K	-3.340
TEST_KORPM	S461	2LTBA	R533Q	-1.100
TEST_KORPM	S461	2LTBA	R555Q	-0.360
TEST_KORPM	S461	2LTBA	R555W	1.790
TEST_KORPM	S461	2M5SA	D302A	-4.000
TEST_KORPM	S461	2M5SA	H305A	-2.000
TEST_KORPM	S461	2N7ZA	P88A	-0.600
TEST_KORPM	S461	2NTEA	I738V	-2.000
TEST_KORPM	S461	2NTEA	R658C	-2.300
TEST_KORPM	S461	2PTLA	A22G	-2.430
TEST_KORPM	S461	2PTLA	A27P	0.100
TEST_KORPM	S461	2PTLA	A27V	-0.830
TEST_KORPM	S461	2PTLA	A34G	-2.170
TEST_KORPM	S461	2PTLA	A34V	1.470
TEST_KORPM	S461	2PTLA	A43G	-2.540
TEST_KORPM	S461	2PTLA	A47G	-3.100
TEST_KORPM	S461	2PTLA	A49G	-1.320
TEST_KORPM	S461	2PTLA	A51G	-3.120
TEST_KORPM	S461	2PTLA	A66G	-0.490
TEST_KORPM	S461	2PTLA	D52A	-1.210
TEST_KORPM	S461	2PTLA	D52G	-2.140
TEST_KORPM	S461	2PTLA	D64A	-0.200
TEST_KORPM	S461	2PTLA	E35A	-0.590
TEST_KORPM	S461	2PTLA	E46G	-1.190
TEST_KORPM	S461	2PTLA	E46I	-1.080
TEST_KORPM	S461	2PTLA	E60A	-0.230
TEST_KORPM	S461	2PTLA	F26A	-3.120
TEST_KORPM	S461	2PTLA	F26L	-0.680
TEST_KORPM	S461	2PTLA	F36A	-4.150
TEST_KORPM	S461	2PTLA	F36L	-3.120
TEST_KORPM	S461	2PTLA	F40G	-3.080
TEST_KORPM	S461	2PTLA	F40L	-0.380
TEST_KORPM	S461	2PTLA	F76L	-3.340
TEST_KORPM	S461	2PTLA	F76V	-3.730
TEST_KORPM	S461	2PTLA	G29A	-1.520
TEST_KORPM	S461	2PTLA	G29V	-2.530
TEST_KORPM	S461	2PTLA	G38A	-2.080
TEST_KORPM	S461	2PTLA	G59A	-2.230
TEST_KORPM	S461	2PTLA	G69A	-2.040
TEST_KORPM	S461	2PTLA	I20A	-4.900
TEST_KORPM	S461	2PTLA	I20V	-0.560
TEST_KORPM	S461	2PTLA	I25A	-1.370
TEST_KORPM	S461	2PTLA	I25V	-0.470
TEST_KORPM	S461	2PTLA	I74A	-4.720
TEST_KORPM	S461	2PTLA	I74V	-1.690
TEST_KORPM	S461	2PTLA	K21A	-0.920
TEST_KORPM	S461	2PTLA	K37A	-0.880
TEST_KORPM	S461	2PTLA	K42G	0.160
TEST_KORPM	S461	2PTLA	K55A	0.580
TEST_KORPM	S461	2PTLA	K56A	0.350
TEST_KORPM	S461	2PTLA	K68A	-0.090
TEST_KORPM	S461	2PTLA	K75A	-0.450
TEST_KORPM	S461	2PTLA	L24A	-3.120
TEST_KORPM	S461	2PTLA	L54A	-2.440
TEST_KORPM	S461	2PTLA	L72A	-3.770
TEST_KORPM	S461	2PTLA	N23A	-1.870
TEST_KORPM	S461	2PTLA	N28A	-1.780
TEST_KORPM	S461	2PTLA	N58A	-0.240
TEST_KORPM	S461	2PTLA	N73A	-1.730
TEST_KORPM	S461	2PTLA	S30A	-0.300
TEST_KORPM	S461	2PTLA	S45A	0.410
TEST_KORPM	S461	2PTLA	S45G	-0.820
TEST_KORPM	S461	2PTLA	T19A	-1.630
TEST_KORPM	S461	2PTLA	T31A	-1.170
TEST_KORPM	S461	2PTLA	T33A	-1.110
TEST_KORPM	S461	2PTLA	T39A	-1.250
TEST_KORPM	S461	2PTLA	T44A	-1.090
TEST_KORPM	S461	2PTLA	T53G	-0.170
TEST_KORPM	S461	2PTLA	T62A	-0.970
TEST_KORPM	S461	2PTLA	T71A	-1.830
TEST_KORPM	S461	2PTLA	V18A	-1.220
TEST_KORPM	S461	2PTLA	V63A	-0.920
TEST_KORPM	S461	2PTLA	V65A	-1.140
TEST_KORPM	S461	2PTLA	Y48A	-2.820
TEST_KORPM	S461	2PTLA	Y50A	-2.460
TEST_KORPM	S461	2PTLA	Y70A	-1.660
TEST_KORPM	S461	2PTLA	Y70L	0.430
TEST_KORPM	S461	2WQGA	D15A	0.300
TEST_KORPM	S461	2WQGA	D38A	0.180
TEST_KORPM	S461	2WQGA	D39A	-2.200
TEST_KORPM	S461	2WQGA	D39N	-2.600
TEST_KORPM	S461	2WQGA	E40Q	-0.100
TEST_KORPM	S461	2WQGA	E41G	-0.400
TEST_KORPM	S461	2WQGA	I36A	-0.900
TEST_KORPM	S461	2WQGA	I36V	-0.300
TEST_KORPM	S461	2WQGA	K14A	-0.400
TEST_KORPM	S461	2WQGA	K14G	-1.900
TEST_KORPM	S461	2WQGA	K19A	-0.300
TEST_KORPM	S461	2WQGA	K28A	-0.600
TEST_KORPM	S461	2WQGA	L13A	-0.500
TEST_KORPM	S461	2WQGA	L16A	-1.300
TEST_KORPM	S461	2WQGA	L8A	-2.000
TEST_KORPM	S461	2WQGA	Q12A	-0.600
TEST_KORPM	S461	2WQGA	Q12G	-2.000
TEST_KORPM	S461	2WQGA	Q33A	0.100
TEST_KORPM	S461	2WQGA	R34A	-0.800
TEST_KORPM	S461	2WQGA	S23A	-0.600
TEST_KORPM	S461	2WQGA	S6A	0.100
TEST_KORPM	S461	2WQGA	S6G	-0.200
TEST_KORPM	S461	2WQGA	T9S	0.100
TEST_KORPM	S461	2WQGA	V10A	-0.100
TEST_KORPM	S461	2WQGA	V10G	-0.700
TEST_KORPM	S461	2WQGA	V11A	0.400
TEST_KORPM	S461	2WQGA	V11G	0.100
TEST_KORPM	S461	2WQGA	V24A	-0.500
TEST_KORPM	S461	2WQGA	Y5F	-2.400
TEST_KORPM	S461	2ZTAA	E11Q	-0.740
TEST_KORPM	S461	2ZTAA	E20Q	0.200
TEST_KORPM	S461	2ZTAA	E22Q	-1.830
TEST_KORPM	S461	2ZTAA	K15A	-0.410
TEST_KORPM	S461	2ZTAA	K27A	-0.910
TEST_KORPM	S461	2ZTAA	K28A	-0.060
TEST_KORPM	S461	2ZTAA	K8A	-0.390
TEST_KORPM	S461	2ZTAA	R25A	-1.660
TEST_KORPM	S461	3BN0A	I20V	-1.506
TEST_KORPM	S461	3C2IA	D156E	-0.880
TEST_KORPM	S461	3C2IA	F155S	-0.430
TEST_KORPM	S461	3C2IA	L100V	-1.110
TEST_KORPM	S461	3C2IA	P152R	-1.460
TEST_KORPM	S461	3C2IA	R106Q	-0.120
TEST_KORPM	S461	3C2IA	R106W	-0.040
TEST_KORPM	S461	3C2IA	R111G	0.430
TEST_KORPM	S461	3C2IA	R133C	-0.370
TEST_KORPM	S461	3C2IA	R133H	-0.240
TEST_KORPM	S461	3C2IA	S134C	-1.050
TEST_KORPM	S461	3C2IA	T158A	-0.470
TEST_KORPM	S461	3C2IA	T158M	-0.250
TEST_KORPM	S461	3D3BA	D118A	-0.650
TEST_KORPM	S461	3D3BA	D118E	-0.600
TEST_KORPM	S461	3D3BA	D118K	-1.600
TEST_KORPM	S461	3D3BA	D118N	-1.340
TEST_KORPM	S461	3D3BA	D118R	-1.410
TEST_KORPM	S461	3DV0I	A131G	-1.700
TEST_KORPM	S461	3DV0I	A139G	-2.300
TEST_KORPM	S461	3DV0I	A165G	-0.900
TEST_KORPM	S461	3DV0I	A168G	-0.300
TEST_KORPM	S461	3DV0I	D145A	-2.100
TEST_KORPM	S461	3DV0I	D145N	-0.900
TEST_KORPM	S461	3DV0I	D162N	-2.000
TEST_KORPM	S461	3DV0I	D164A	-2.300
TEST_KORPM	S461	3DV0I	D164G	-3.700
TEST_KORPM	S461	3DV0I	D164N	-1.900
TEST_KORPM	S461	3DV0I	E141A	-0.700
TEST_KORPM	S461	3DV0I	E141Q	-0.400
TEST_KORPM	S461	3DV0I	I146A	-2.700
TEST_KORPM	S461	3DV0I	I146V	-1.200
TEST_KORPM	S461	3DV0I	I163V	-0.500
TEST_KORPM	S461	3DV0I	L159A	-2.000
TEST_KORPM	S461	3DV0I	L159G	-1.900
TEST_KORPM	S461	3DV0I	L159V	-0.600
TEST_KORPM	S461	3DV0I	L167A	-1.200
TEST_KORPM	S461	3DV0I	L167V	-0.200
TEST_KORPM	S461	3DV0I	V135A	-1.500
TEST_KORPM	S461	3DV0I	V144A	-2.000
TEST_KORPM	S461	3DV0I	V149A	-2.800
TEST_KORPM	S461	3DV0I	V149G	-4.100
TEST_KORPM	S461	3DV0I	V158A	-3.200
TEST_KORPM	S461	3DV0I	Y138F	-2.000
TEST_KORPM	S461	3L15B	Y442H	-3.230
TEST_KORPM	S461	3MONB	R39G	1.194
TEST_KORPM	S461	3MONB	W3C	-2.866
TEST_KORPM	S461	3S4MA	D122Y	-1.300
TEST_KORPM	S461	3S4MA	G130V	-2.500
TEST_KORPM	S461	3S4MA	I154F	0.096
TEST_KORPM	S461	3S4MA	W155R	-0.693
TEST_KORPM	S461	4BUQA	Y137A	0.890
TEST_KORPM	S461	4BUQA	Y48A	-1.435
TEST_KORPM	S461	4HE7A	A19D	-0.240
TEST_KORPM	S461	4HE7A	A19G	0.060
TEST_KORPM	S461	4HE7A	A19K	-0.460
TEST_KORPM	S461	5JXBA	D329G	-1.440
TEST_KORPM	S461	5JXBA	D329P	-1.440
TEST_KORPM	S461	5OAQA	Y429H	-2.990
