#SET	CLUID	PDB	MUT	DDG
TEST_MYO	1BVCA	1BZ6A	A4E	0.35
TEST_MYO	1BVCA	1BZ6A	F7W	0.90
TEST_MYO	1BVCA	1BZ6A	A8Q	0.89
TEST_MYO	1BVCA	1BZ6A	G8Q	-0.50
TEST_MYO	1BVCA	1BZ6A	A9L	0.41
TEST_MYO	1BVCA	1BZ6A	A11L	0.44
TEST_MYO	1BVCA	1BZ6A	A11L	0.60
TEST_MYO	1BVCA	1BZ6A	A13V	0.00
TEST_MYO	1BVCA	1BZ6A	A13V	0.67
TEST_MYO	1BVCA	1BZ6A	F14W	1.10
TEST_MYO	1BVCA	1BZ6A	L15A	-0.10
TEST_MYO	1BVCA	1BZ6A	A18E	0.95
TEST_MYO	1BVCA	1BZ6A	A20D	0.50
TEST_MYO	1BVCA	1BZ6A	A23G	1.12
TEST_MYO	1BVCA	1BZ6A	V24H	0.52
TEST_MYO	1BVCA	1BZ6A	A28I	0.53
TEST_MYO	1BVCA	1BZ6A	A28I	1.33
TEST_MYO	1BVCA	1BZ6A	A28I	2.06
TEST_MYO	1BVCA	1BZ6A	F28I	0.28
TEST_MYO	1BVCA	1BZ6A	L28I	0.55
TEST_MYO	1BVCA	1BZ6A	M28I	0.56
TEST_MYO	1BVCA	1BZ6A	V28I	-0.04
TEST_MYO	1BVCA	1BZ6A	A29L	0.39
TEST_MYO	1BVCA	1BZ6A	A29L	2.37
TEST_MYO	1BVCA	1BZ6A	F29L	0.13
TEST_MYO	1BVCA	1BZ6A	I29L	1.12
TEST_MYO	1BVCA	1BZ6A	M29L	-0.12
TEST_MYO	1BVCA	1BZ6A	N29L	5.59
TEST_MYO	1BVCA	1BZ6A	V29L	1.72
TEST_MYO	1BVCA	1BZ6A	A30I	1.90
TEST_MYO	1BVCA	1BZ6A	A32L	0.47
TEST_MYO	1BVCA	1BZ6A	A32L	2.04
TEST_MYO	1BVCA	1BZ6A	F32L	0.07
TEST_MYO	1BVCA	1BZ6A	W32L	0.53
TEST_MYO	1BVCA	1BZ6A	Q36H	0.80
TEST_MYO	1BVCA	1BZ6A	Q36H	1.30
TEST_MYO	1BVCA	1BZ6A	I43F	0.89
TEST_MYO	1BVCA	1BZ6A	V43F	2.66
TEST_MYO	1BVCA	1BZ6A	A44D	-0.25
TEST_MYO	1BVCA	1BZ6A	Q48H	0.62
TEST_MYO	1BVCA	1BZ6A	I49L	0.80
TEST_MYO	1BVCA	1BZ6A	A51T	1.41
TEST_MYO	1BVCA	1BZ6A	A56K	0.35
TEST_MYO	1BVCA	1BZ6A	A60D	0.15
TEST_MYO	1BVCA	1BZ6A	A64H	-0.49
TEST_MYO	1BVCA	1BZ6A	A64H	-0.58
TEST_MYO	1BVCA	1BZ6A	F64H	-0.81
TEST_MYO	1BVCA	1BZ6A	F64H	-1.51
TEST_MYO	1BVCA	1BZ6A	G64H	0.04
TEST_MYO	1BVCA	1BZ6A	I64H	-0.38
TEST_MYO	1BVCA	1BZ6A	L64H	-0.61
TEST_MYO	1BVCA	1BZ6A	L64H	-1.05
TEST_MYO	1BVCA	1BZ6A	N64H	0.33
TEST_MYO	1BVCA	1BZ6A	Q64H	-0.02
TEST_MYO	1BVCA	1BZ6A	Q64H	0.45
TEST_MYO	1BVCA	1BZ6A	Q64H	0.54
TEST_MYO	1BVCA	1BZ6A	R64H	0.08
TEST_MYO	1BVCA	1BZ6A	T64H	-0.23
TEST_MYO	1BVCA	1BZ6A	V64H	-0.36
TEST_MYO	1BVCA	1BZ6A	W64H	-0.47
TEST_MYO	1BVCA	1BZ6A	Y64H	-0.52
TEST_MYO	1BVCA	1BZ6A	A66V	-0.75
TEST_MYO	1BVCA	1BZ6A	A67T	0.26
TEST_MYO	1BVCA	1BZ6A	F67T	-0.19
TEST_MYO	1BVCA	1BZ6A	P67T	0.85
TEST_MYO	1BVCA	1BZ6A	Q67T	-0.23
TEST_MYO	1BVCA	1BZ6A	A68V	0.60
TEST_MYO	1BVCA	1BZ6A	A68V	0.93
TEST_MYO	1BVCA	1BZ6A	F68V	-0.38
TEST_MYO	1BVCA	1BZ6A	F68V	-0.82
TEST_MYO	1BVCA	1BZ6A	I68V	-0.35
TEST_MYO	1BVCA	1BZ6A	L68V	-0.42
TEST_MYO	1BVCA	1BZ6A	N68V	3.81
TEST_MYO	1BVCA	1BZ6A	Q68V	2.42
TEST_MYO	1BVCA	1BZ6A	S68V	2.99
TEST_MYO	1BVCA	1BZ6A	T68V	0.57
TEST_MYO	1BVCA	1BZ6A	T68V	0.60
TEST_MYO	1BVCA	1BZ6A	T68V	1.67
TEST_MYO	1BVCA	1BZ6A	W68V	0.07
TEST_MYO	1BVCA	1BZ6A	Y68V	0.17
TEST_MYO	1BVCA	1BZ6A	A69L	1.18
TEST_MYO	1BVCA	1BZ6A	I69L	0.02
TEST_MYO	1BVCA	1BZ6A	M69L	0.00
TEST_MYO	1BVCA	1BZ6A	V69L	0.10
TEST_MYO	1BVCA	1BZ6A	A77K	-0.20
TEST_MYO	1BVCA	1BZ6A	Q82H	0.05
TEST_MYO	1BVCA	1BZ6A	A88P	-0.59
TEST_MYO	1BVCA	1BZ6A	G93H	-0.04
TEST_MYO	1BVCA	1BZ6A	Q97H	0.11
TEST_MYO	1BVCA	1BZ6A	A106F	0.70
TEST_MYO	1BVCA	1BZ6A	A107I	0.43
TEST_MYO	1BVCA	1BZ6A	F107I	-0.12
TEST_MYO	1BVCA	1BZ6A	F107I	-0.58
TEST_MYO	1BVCA	1BZ6A	T107I	2.23
TEST_MYO	1BVCA	1BZ6A	V107I	1.09
TEST_MYO	1BVCA	1BZ6A	A109E	0.17
TEST_MYO	1BVCA	1BZ6A	G109E	-0.89
TEST_MYO	1BVCA	1BZ6A	A111I	1.84
TEST_MYO	1BVCA	1BZ6A	L111I	0.64
TEST_MYO	1BVCA	1BZ6A	M111I	1.14
TEST_MYO	1BVCA	1BZ6A	Q113H	0.26
TEST_MYO	1BVCA	1BZ6A	A114V	1.45
TEST_MYO	1BVCA	1BZ6A	A115L	1.40
TEST_MYO	1BVCA	1BZ6A	A116H	-0.16
TEST_MYO	1BVCA	1BZ6A	A117S	0.26
TEST_MYO	1BVCA	1BZ6A	A118R	0.65
TEST_MYO	1BVCA	1BZ6A	F119H	0.68
TEST_MYO	1BVCA	1BZ6A	A122D	0.10
TEST_MYO	1BVCA	1BZ6A	A123F	1.10
TEST_MYO	1BVCA	1BZ6A	K123F	2.10
TEST_MYO	1BVCA	1BZ6A	T123F	3.50
TEST_MYO	1BVCA	1BZ6A	L125A	-0.60
TEST_MYO	1BVCA	1BZ6A	A129G	-1.05
TEST_MYO	1BVCA	1BZ6A	K130A	2.10
TEST_MYO	1BVCA	1BZ6A	K130A	3.70
TEST_MYO	1BVCA	1BZ6A	L130A	0.90
TEST_MYO	1BVCA	1BZ6A	L130A	2.30
TEST_MYO	1BVCA	1BZ6A	A131M	2.20
TEST_MYO	1BVCA	1BZ6A	A133K	0.05
TEST_MYO	1BVCA	1BZ6A	A135L	1.70
TEST_MYO	1BVCA	1BZ6A	I135L	1.54
TEST_MYO	1BVCA	1BZ6A	M135L	0.79
TEST_MYO	1BVCA	1BZ6A	V135L	2.25
TEST_MYO	1BVCA	1BZ6A	A137L	0.30
TEST_MYO	1BVCA	1BZ6A	A137L	1.78
TEST_MYO	1BVCA	1BZ6A	A139R	0.45
TEST_MYO	1BVCA	1BZ6A	A140K	0.35
TEST_MYO	1BVCA	1BZ6A	A142I	1.10
TEST_MYO	1BVCA	1BZ6A	A142I	1.92
TEST_MYO	1BVCA	1BZ6A	L142I	-0.63
TEST_MYO	1BVCA	1BZ6A	M142I	-0.93
TEST_MYO	1BVCA	1BZ6A	V142I	0.12
TEST_MYO	1BVCA	1BZ6A	L144A	-0.40
TEST_MYO	1BVCA	1BZ6A	A149L	1.60
